id,"first_name","last_name",email,gender,ip_address
1,Modesty,Hernik,mhernik0@jalbum.net,Female,1.86.12.46
2,Mariejeanne,Brandon,mbrandon1@ycombinator.com,Female,227.0.219.217
3,Caye,Chipps,cchipps2@lulu.com,Female,170.119.101.216
4,Sheryl,Costellow,scostellow3@microsoft.com,Female,140.248.181.75
5,Boot,Trenholm,btrenholm4@scribd.com,Male,216.28.179.157
6,Marylynne,Stolli,mstolli5@virginia.edu,Female,21.150.94.14
7,Herb,Champion,hchampion6@unc.edu,Male,113.65.10.54
8,Ned,Gumary,ngumary7@hud.gov,Male,228.24.199.251
9,Matteo,Attard,mattard8@yellowpages.com,Male,74.192.92.67
10,Anette,Winsom,awinsom9@sun.com,Female,143.201.20.196
11,Sada,Kaser,skasera@google.com.br,Female,206.103.254.177
12,Arleen,Rudland,arudlandb@shop-pro.jp,Female,72.82.156.19
13,Perl,Bofield,pbofieldc@bandcamp.com,Female,109.53.40.55
14,Homere,Olivari,holivarid@java.com,Male,228.95.185.26
15,Alisun,Underdown,aunderdowne@myspace.com,Female,228.125.21.65
16,Johnnie,Maken,jmakenf@sciencedirect.com,Male,176.229.143.5
17,Brewster,Jeannot,bjeannotg@istockphoto.com,Male,178.235.62.56
18,Korney,OIlier,koilierh@drupal.org,Female,154.55.92.101
19,Heindrick,Sherry,hsherryi@disqus.com,Male,138.230.149.117
20,Giorgio,Moulsdale,gmoulsdalej@forbes.com,Male,24.235.130.44
21,Kai,Wafer,kwaferk@vistaprint.com,Female,130.91.191.122
22,Kale,Carpenter,kcarpenterl@macromedia.com,Male,65.116.153.195
23,Thorn,Lux,tluxm@bluehost.com,Male,82.98.156.245
24,Rafa,Shemming,rshemmingn@so-net.ne.jp,Female,115.230.220.15
25,Jimmie,Sommerlie,jsommerlieo@vk.com,Male,24.54.202.50
26,Vickie,Claris,vclarisp@elpais.com,Female,212.174.105.239
27,Wald,Marian,wmarianq@pbs.org,Male,179.173.149.46
28,Dory,Aylott,daylottr@flickr.com,Male,208.114.120.103
29,Bren,Fernan,bfernans@time.com,Male,207.223.120.116
30,Daloris,Dundredge,ddundredget@mail.ru,Female,151.88.110.9
31,Perl,Pickvance,ppickvanceu@wiley.com,Female,126.96.20.180
32,Woodrow,Marcum,wmarcumv@yellowbook.com,Male,144.215.182.122
33,Avril,Jaan,ajaanw@rediff.com,Female,251.160.246.224
34,Benedetta,Walkling,bwalklingx@jimdo.com,Female,66.183.2.237
35,Kimmi,Longley,klongleyy@umich.edu,Female,160.53.43.13
36,Johannah,Bangham,jbanghamz@goodreads.com,Female,155.33.110.163
37,Ysabel,Rieflin,yrieflin10@seattletimes.com,Female,186.69.135.32
38,Kristoforo,Dubber,kdubber11@barnesandnoble.com,Male,255.192.6.72
39,Regen,Skupinski,rskupinski12@boston.com,Male,70.70.231.43
40,Jessee,Jillins,jjillins13@europa.eu,Male,111.218.105.213
41,Dollie,De Cristoforo,ddecristoforo14@sohu.com,Female,108.241.15.10
42,Byram,Ayto,bayto15@google.co.uk,Male,69.157.101.124
43,Jethro,Brien,jbrien16@posterous.com,Male,59.195.21.251
44,Barty,Raybould,braybould17@cmu.edu,Male,39.160.156.68
45,Oralie,Curtis,ocurtis18@fotki.com,Female,43.100.198.216
46,Robin,Baglin,rbaglin19@redcross.org,Male,230.221.2.164
47,Vernice,Dillingham,vdillingham1a@example.com,Female,115.160.107.248
48,Sybyl,Spadaro,sspadaro1b@theglobeandmail.com,Female,254.155.224.242
49,Lilyan,Jeffels,ljeffels1c@disqus.com,Female,96.146.142.235
50,Ursulina,Matterface,umatterface1d@chron.com,Female,101.192.192.58
51,Kerr,Mithan,kmithan1e@goodreads.com,Male,244.198.80.216
52,Patricia,Camell,pcamell1f@twitpic.com,Female,144.23.63.177
53,Rosanne,Holdren,rholdren1g@slideshare.net,Female,33.129.122.156
54,Benoite,Tebb,btebb1h@sphinn.com,Female,19.175.27.236
55,Willi,Yanuk,wyanuk1i@plala.or.jp,Male,6.205.168.10
56,Maitilde,Brugemann,mbrugemann1j@un.org,Female,84.73.239.188
57,Walker,Pettengell,wpettengell1k@cyberchimps.com,Male,90.214.57.54
58,Randi,Kelley,rkelley1l@youku.com,Male,214.112.194.139
59,Dante,Trayhorn,dtrayhorn1m@sbwire.com,Male,100.194.218.53
60,Jacques,Wescott,jwescott1n@bbc.co.uk,Male,251.128.53.234
61,Gauthier,Wiggington,gwiggington1o@123-reg.co.uk,Male,71.128.7.46
62,Yard,Falvey,yfalvey1p@japanpost.jp,Male,72.112.112.95
63,Rani,Corbet,rcorbet1q@vinaora.com,Female,131.83.116.175
64,Upton,Robet,urobet1r@constantcontact.com,Male,76.94.151.182
65,Fonsie,Grassin,fgrassin1s@npr.org,Male,111.81.191.48
66,Shawnee,Thundercliffe,sthundercliffe1t@globo.com,Female,70.96.208.251
67,Zacharie,Bastin,zbastin1u@geocities.com,Male,1.215.250.252
68,Dermot,Haydney,dhaydney1v@wix.com,Male,237.176.244.153
69,Javier,Brunetti,jbrunetti1w@1und1.de,Male,236.238.44.152
70,Tommy,Jeakins,tjeakins1x@acquirethisname.com,Female,185.66.57.183
71,Raimund,Scarsbrook,rscarsbrook1y@de.vu,Male,38.99.183.82
72,Saundra,Bruster,sbruster1z@yandex.ru,Female,113.173.43.122
73,Janelle,Grigoryev,jgrigoryev20@discuz.net,Female,79.84.129.4
74,Rhetta,Gath,rgath21@hhs.gov,Female,230.76.113.216
75,Rodina,Risbridger,rrisbridger22@fastcompany.com,Female,193.135.181.151
76,Bendick,Blaw,bblaw23@plala.or.jp,Male,130.42.218.140
77,Meyer,Bleier,mbleier24@mozilla.org,Male,158.140.242.58
78,Jonah,Rayburn,jrayburn25@ox.ac.uk,Male,192.21.111.200
79,Miran,Bispham,mbispham26@wordpress.org,Female,57.28.70.108
80,Arnoldo,Swafford,aswafford27@businesswire.com,Male,3.170.212.99
81,Taylor,Fuke,tfuke28@auda.org.au,Male,60.83.100.138
82,Emiline,Richardet,erichardet29@ucsd.edu,Female,137.140.5.246
83,Bob,Caws,bcaws2a@techcrunch.com,Male,142.63.249.24
84,Durand,Yeld,dyeld2b@blinklist.com,Male,228.159.240.55
85,Anabal,Wharton,awharton2c@live.com,Female,160.53.39.100
86,Dyna,Fivey,dfivey2d@engadget.com,Female,107.192.185.233
87,Abey,McClay,amcclay2e@constantcontact.com,Male,145.147.144.95
88,Ophelie,Bennoe,obennoe2f@wikipedia.org,Female,139.171.40.188
89,Elly,St. Quentin,estquentin2g@economist.com,Female,46.246.29.31
90,Eveleen,Annable,eannable2h@blogger.com,Female,191.224.41.237
91,Lucais,Tippetts,ltippetts2i@upenn.edu,Male,46.251.206.42
92,Sheila-kathryn,Geleman,sgeleman2j@google.com,Female,255.203.198.42
93,Justis,Pinney,jpinney2k@tinyurl.com,Male,176.65.43.193
94,Tommie,Scimoni,tscimoni2l@netvibes.com,Male,214.197.50.36
95,Amanda,Mersh,amersh2m@indiegogo.com,Female,236.171.74.167
96,Masha,Simoes,msimoes2n@dyndns.org,Female,132.210.83.184
97,Petra,Braksper,pbraksper2o@hhs.gov,Female,153.202.129.38
98,Lauren,Werny,lwerny2p@plala.or.jp,Male,119.40.6.5
99,Tisha,Shickle,tshickle2q@surveymonkey.com,Female,130.60.127.93
100,Deeann,Minci,dminci2r@homestead.com,Female,30.234.37.68
101,Link,Balaizot,lbalaizot2s@newsvine.com,Male,235.3.197.194
102,Alf,Gadeaux,agadeaux2t@biglobe.ne.jp,Male,9.104.105.199
103,Carmelina,Youdell,cyoudell2u@cnn.com,Female,214.215.71.177
104,Constance,Bovis,cbovis2v@examiner.com,Female,55.251.221.98
105,Delly,McDonell,dmcdonell2w@wikia.com,Female,78.24.181.107
106,Moise,Dwerryhouse,mdwerryhouse2x@infoseek.co.jp,Male,220.123.29.134
107,Errick,Signore,esignore2y@army.mil,Male,202.27.37.187
108,Nessi,Haxby,nhaxby2z@domainmarket.com,Female,47.74.228.82
109,Bernhard,Greenin,bgreenin30@sbwire.com,Male,223.37.109.230
110,Fabio,Casier,fcasier31@toplist.cz,Male,254.123.71.73
111,Dasha,Parbrook,dparbrook32@cnet.com,Female,87.117.75.130
112,Missie,Truelove,mtruelove33@army.mil,Female,167.200.121.70
113,Normie,Wyldbore,nwyldbore34@hibu.com,Male,7.152.11.112
114,Jesse,Cockshott,jcockshott35@cmu.edu,Male,254.231.254.195
115,Lark,Helleker,lhelleker36@networkadvertising.org,Female,108.154.98.130
116,Idell,Rowson,irowson37@google.ru,Female,99.142.135.148
117,Willis,Kohrt,wkohrt38@histats.com,Male,228.80.58.210
118,Jackie,Fearfull,jfearfull39@sun.com,Male,199.251.135.150
119,Jesus,Balsellie,jbalsellie3a@google.pl,Male,189.55.226.22
120,Melisent,Ziemsen,mziemsen3b@amazon.com,Female,128.240.14.6
121,Jania,Jedrzaszkiewicz,jjedrzaszkiewicz3c@so-net.ne.jp,Female,73.191.196.230
122,Giffer,Reynard,greynard3d@deviantart.com,Male,218.123.25.66
123,Laraine,Teenan,lteenan3e@taobao.com,Female,252.219.101.188
124,Ethelind,Teissier,eteissier3f@domainmarket.com,Female,73.123.244.106
125,Oralie,Danielot,odanielot3g@kickstarter.com,Female,229.85.214.240
126,Binky,Clarae,bclarae3h@fc2.com,Male,52.93.214.211
127,Vivianna,Wickins,vwickins3i@hao123.com,Female,64.174.14.117
128,Craggie,Halsall,chalsall3j@twitter.com,Male,236.114.220.211
129,Jessey,Ipsly,jipsly3k@discuz.net,Male,102.56.60.200
130,Celisse,Sorensen,csorensen3l@google.co.uk,Female,218.159.63.3
131,Roscoe,Vynoll,rvynoll3m@exblog.jp,Male,179.89.175.183
132,Cody,Antushev,cantushev3n@engadget.com,Female,34.202.192.65
133,Nikola,Steadman,nsteadman3o@tinyurl.com,Male,55.179.31.43
134,Kizzee,Campelli,kcampelli3p@simplemachines.org,Female,115.75.114.1
135,Hortensia,Cescoti,hcescoti3q@soundcloud.com,Female,186.115.235.217
136,Broddie,Satterthwaite,bsatterthwaite3r@unicef.org,Male,68.62.253.132
137,Jori,Glastonbury,jglastonbury3s@independent.co.uk,Female,153.100.118.46
138,Berti,Bothwell,bbothwell3t@chicagotribune.com,Male,246.163.90.125
139,Ingaborg,Rein,irein3u@who.int,Female,22.112.105.114
140,Cherlyn,O'Hdirscoll,cohdirscoll3v@wisc.edu,Female,206.50.210.197
141,Krishnah,Bowra,kbowra3w@mlb.com,Male,59.148.194.116
142,David,Stanbury,dstanbury3x@unicef.org,Male,125.125.160.13
143,Harman,Giffkins,hgiffkins3y@a8.net,Male,39.62.187.40
144,Philbert,Pyne,ppyne3z@arizona.edu,Male,208.59.194.28
145,Quent,Jukubczak,qjukubczak40@webmd.com,Male,88.65.165.135
146,Allard,Aish,aaish41@livejournal.com,Male,194.8.125.140
147,Corina,Chrippes,cchrippes42@hp.com,Female,107.240.246.138
148,Donielle,Bixley,dbixley43@chronoengine.com,Female,192.230.121.18
149,Stephan,Stayt,sstayt44@yolasite.com,Male,59.101.25.51
150,Riane,Darter,rdarter45@taobao.com,Female,18.201.10.107
151,Anni,Kayne,akayne46@cisco.com,Female,208.183.172.195
152,Ronda,Monument,rmonument47@illinois.edu,Female,43.231.190.132
153,Irving,Judge,ijudge48@phoca.cz,Male,174.30.171.97
154,Dennie,Culwen,dculwen49@posterous.com,Female,13.38.206.126
155,Tomaso,Drain,tdrain4a@constantcontact.com,Male,91.255.53.222
156,Quill,Jablonski,qjablonski4b@msn.com,Male,168.201.189.180
157,Denys,Longbone,dlongbone4c@rakuten.co.jp,Female,93.177.11.163
158,Wylie,Karpe,wkarpe4d@comsenz.com,Male,140.39.122.1
159,Reena,Axcel,raxcel4e@typepad.com,Female,3.210.21.42
160,Dedie,Feveryear,dfeveryear4f@cbc.ca,Female,177.112.101.3
161,Philippine,Ahrendsen,pahrendsen4g@mail.ru,Female,106.159.115.243
162,Kim,Castagneri,kcastagneri4h@t-online.de,Female,122.90.138.118
163,Felicle,Watton,fwatton4i@newyorker.com,Female,165.211.163.32
164,Karissa,Emmins,kemmins4j@ezinearticles.com,Female,177.23.109.255
165,Diane-marie,Beckerleg,dbeckerleg4k@thetimes.co.uk,Female,248.119.247.14
166,Lyndell,Gatman,lgatman4l@xing.com,Female,160.161.44.111
167,Rosita,Brownrigg,rbrownrigg4m@people.com.cn,Female,169.125.122.127
168,Ernesta,Raitt,eraitt4n@europa.eu,Female,185.14.161.174
169,Kathie,O'Hallagan,kohallagan4o@list-manage.com,Female,171.244.15.51
170,Angelita,Kabos,akabos4p@apache.org,Female,91.145.169.161
171,Orella,Lamort,olamort4q@stanford.edu,Female,170.188.208.45
172,Cort,Toogood,ctoogood4r@bigcartel.com,Male,50.79.129.103
173,Clifford,Varsey,cvarsey4s@sciencedirect.com,Male,103.187.5.250
174,Cris,Poon,cpoon4t@squidoo.com,Female,213.7.105.2
175,Chip,Gantzer,cgantzer4u@ask.com,Male,156.73.131.24
176,Hyman,Kaszper,hkaszper4v@google.com.au,Male,229.122.243.208
177,Hersh,Ethersey,hethersey4w@wikimedia.org,Male,68.141.155.60
178,Odelle,Timmens,otimmens4x@squarespace.com,Female,8.137.142.180
179,Corinna,Beech,cbeech4y@booking.com,Female,104.125.49.226
180,Phoebe,Bertwistle,pbertwistle4z@bizjournals.com,Female,171.87.81.57
181,Murdock,Sinnatt,msinnatt50@networksolutions.com,Male,228.23.104.224
182,Norri,Gitting,ngitting51@state.tx.us,Female,143.192.175.135
183,Bernette,McNaughton,bmcnaughton52@buzzfeed.com,Female,60.156.53.155
184,Clayton,Estevez,cestevez53@blogs.com,Male,149.237.184.127
185,Whitman,Duffer,wduffer54@eventbrite.com,Male,82.81.123.83
186,Rufe,Cottisford,rcottisford55@edublogs.org,Male,161.64.159.153
187,Barny,Dearlove,bdearlove56@hexun.com,Male,12.13.42.119
188,Morlee,Golder,mgolder57@1688.com,Male,90.82.107.1
189,Marietta,Dornan,mdornan58@vk.com,Male,90.181.13.168
190,Caesar,Pattinson,cpattinson59@barnesandnoble.com,Male,231.80.179.72
191,Waring,Farrell,wfarrell5a@stumbleupon.com,Male,114.124.195.225
192,Osmund,Treffry,otreffry5b@i2i.jp,Male,106.144.196.63
193,Randell,Gibbonson,rgibbonson5c@marriott.com,Male,128.171.13.211
194,Persis,Rowena,prowena5d@omniture.com,Female,106.60.108.117
195,Gian,Lefort,glefort5e@hugedomains.com,Male,44.44.33.158
196,Annemarie,Kienlein,akienlein5f@economist.com,Female,194.184.236.48
197,Tabb,Karoly,tkaroly5g@dyndns.org,Male,20.74.55.25
198,Benedick,McGreay,bmcgreay5h@live.com,Male,25.146.33.240
199,Tiler,Antognetti,tantognetti5i@redcross.org,Male,36.19.35.242
200,Roshelle,Rippon,rrippon5j@nyu.edu,Female,92.226.157.122
201,Holmes,Orpwood,horpwood5k@cnbc.com,Male,160.114.47.94
202,Reamonn,Werny,rwerny5l@biblegateway.com,Male,112.129.85.235
203,Jayme,Korb,jkorb5m@amazon.co.uk,Male,125.251.159.82
204,Constancia,Kissell,ckissell5n@mapquest.com,Female,20.131.77.161
205,Nickey,Caldwell,ncaldwell5o@google.com.au,Male,146.237.179.185
206,Stevy,Rosenvasser,srosenvasser5p@oakley.com,Male,183.98.237.229
207,Grenville,Tresise,gtresise5q@bravesites.com,Male,15.24.91.218
208,Ava,Wemyss,awemyss5r@edublogs.org,Female,136.78.173.153
209,Chastity,Watkiss,cwatkiss5s@rambler.ru,Female,207.142.254.255
210,Viviene,Harlin,vharlin5t@yahoo.co.jp,Female,87.58.219.98
211,Rivkah,Alves,ralves5u@omniture.com,Female,62.22.198.192
212,Rudolf,Whacket,rwhacket5v@guardian.co.uk,Male,93.74.98.87
213,Amalle,Shipp,ashipp5w@hhs.gov,Female,102.11.140.85
214,Evelyn,Tebbett,etebbett5x@myspace.com,Male,239.181.79.145
215,Roma,Aguirrezabala,raguirrezabala5y@topsy.com,Male,214.52.199.37
216,Ingeberg,Bras,ibras5z@t-online.de,Female,147.229.201.38
217,Karry,Rickesies,krickesies60@eventbrite.com,Female,33.248.222.208
218,Norri,Chinnock,nchinnock61@nih.gov,Female,168.14.66.114
219,Queenie,Conway,qconway62@discovery.com,Female,251.132.231.35
220,Mayne,Prisley,mprisley63@weebly.com,Male,179.124.53.152
221,Clayton,Iapico,ciapico64@dailymail.co.uk,Male,169.26.190.203
222,Karilynn,Steddall,ksteddall65@ow.ly,Female,103.117.45.120
223,Jesselyn,Gaishson,jgaishson66@nifty.com,Female,142.56.28.101
224,Mayor,Farish,mfarish67@blinklist.com,Male,100.230.179.176
225,Trent,O'Devey,todevey68@slashdot.org,Male,163.131.58.52
226,Scotty,Allcroft,sallcroft69@howstuffworks.com,Male,62.7.125.55
227,Gael,O'Looney,golooney6a@wisc.edu,Female,136.8.61.166
228,Carly,Muzzall,cmuzzall6b@ucla.edu,Male,235.130.155.84
229,Ansley,Livick,alivick6c@mac.com,Female,87.58.66.225
230,Thomas,Tomasini,ttomasini6d@zimbio.com,Male,187.101.140.215
231,Selie,Leeb,sleeb6e@rambler.ru,Female,34.94.57.61
232,Cole,Labbey,clabbey6f@blogtalkradio.com,Male,159.184.5.209
233,Katharina,Long,klong6g@usnews.com,Female,114.220.65.54
234,Jordon,Goff,jgoff6h@walmart.com,Male,219.110.245.64
235,Elianore,Darth,edarth6i@sfgate.com,Female,53.218.56.73
236,Elladine,Woolacott,ewoolacott6j@usda.gov,Female,127.199.140.237
237,Nial,Seniour,nseniour6k@netvibes.com,Male,115.10.54.233
238,Danie,Ruf,druf6l@goodreads.com,Male,2.137.104.188
239,Harcourt,Cussons,hcussons6m@google.de,Male,96.220.103.65
240,Margaret,Del Checolo,mdelchecolo6n@surveymonkey.com,Female,140.69.68.68
241,Sandor,Waything,swaything6o@jigsy.com,Male,160.93.141.52
242,Giffer,McLeary,gmcleary6p@biglobe.ne.jp,Male,139.35.165.36
243,April,Morrice,amorrice6q@amazon.co.jp,Female,19.83.16.68
244,Marrilee,Jamot,mjamot6r@cyberchimps.com,Female,39.171.85.159
245,Colene,Nelmes,cnelmes6s@gravatar.com,Female,153.27.133.107
246,Theo,Gasson,tgasson6t@chicagotribune.com,Female,168.215.17.97
247,Horacio,Northen,hnorthen6u@cloudflare.com,Male,58.254.75.236
248,Virgilio,Sneller,vsneller6v@bizjournals.com,Male,62.0.193.196
249,Susanetta,Garwell,sgarwell6w@twitpic.com,Female,175.20.37.193
250,Stoddard,Thoms,sthoms6x@state.tx.us,Female,151.1.15.38
251,Averil,Waith,awaith6y@msu.edu,Male,97.35.126.129
252,Inger,Feehan,ifeehan6z@i2i.jp,Female,44.163.8.208
253,Ginnie,Turgoose,gturgoose70@bbb.org,Female,213.147.53.114
254,Iseabal,De Launde,idelaunde71@tinypic.com,Female,238.128.206.5
255,Kristel,Bertolaccini,kbertolaccini72@businessinsider.com,Female,99.22.58.236
256,Twila,O'Fairy,tofairy73@theatlantic.com,Female,0.134.245.25
257,Guenna,Pawlett,gpawlett74@hp.com,Female,120.185.13.161
258,Merline,Arnely,marnely75@mapy.cz,Female,2.166.213.28
259,Addy,Hollingdale,ahollingdale76@upenn.edu,Male,169.159.86.83
260,Bryce,Earles,bearles77@unesco.org,Male,231.94.239.133
261,Milli,Habron,mhabron78@linkedin.com,Female,28.251.201.13
262,Schuyler,Varrow,svarrow79@springer.com,Male,151.60.31.45
263,Ricoriki,Worner,rworner7a@soup.io,Male,0.182.4.233
264,Bobbee,O'Neal,boneal7b@naver.com,Female,113.51.222.188
265,Murdoch,Ascroft,mascroft7c@ycombinator.com,Male,14.0.36.171
266,Josepha,McDougle,jmcdougle7d@statcounter.com,Female,63.155.35.104
267,Lyon,Joannet,ljoannet7e@merriam-webster.com,Male,160.40.205.73
268,Laurens,Lemmens,llemmens7f@cisco.com,Male,193.151.105.177
269,Cart,Izon,cizon7g@admin.ch,Male,150.114.169.211
270,Dominica,Dumelow,ddumelow7h@marketwatch.com,Female,130.208.239.138
271,Amara,Aggus,aaggus7i@devhub.com,Female,120.175.185.92
272,Darline,Thornley,dthornley7j@fda.gov,Female,45.2.151.14
273,Gweneth,Oxtaby,goxtaby7k@cnn.com,Female,245.140.79.101
274,Guilbert,Kitto,gkitto7l@booking.com,Male,53.155.193.238
275,Caritta,Prevost,cprevost7m@parallels.com,Female,139.86.241.217
276,Foster,Drinkel,fdrinkel7n@nhs.uk,Male,38.84.173.126
277,Ianthe,McMains,imcmains7o@nsw.gov.au,Female,186.180.141.41
278,Renata,Claiton,rclaiton7p@wikimedia.org,Female,38.202.61.74
279,Nana,Bariball,nbariball7q@cloudflare.com,Female,187.136.92.213
280,Peyton,Jachimiak,pjachimiak7r@nsw.gov.au,Male,145.104.83.242
281,Roxanne,Murricanes,rmurricanes7s@vk.com,Female,200.228.169.25
282,Felipa,Northleigh,fnorthleigh7t@tamu.edu,Female,109.67.21.43
283,Olav,Domm,odomm7u@ow.ly,Male,236.51.19.72
284,Reed,Kimbrey,rkimbrey7v@noaa.gov,Male,21.88.143.101
285,Melamie,Whimper,mwhimper7w@netvibes.com,Female,230.181.208.137
286,Hugo,Lotwich,hlotwich7x@oaic.gov.au,Male,94.150.233.64
287,Carlita,Jowsey,cjowsey7y@scientificamerican.com,Female,109.210.103.208
288,Kimmi,Fumagall,kfumagall7z@mlb.com,Female,62.143.241.23
289,Reinald,Joder,rjoder80@va.gov,Male,69.159.151.127
290,Lovell,Skyrm,lskyrm81@ucla.edu,Male,237.231.220.130
291,Rafi,Yakobowitz,ryakobowitz82@hugedomains.com,Male,211.5.167.133
292,Spenser,Sherred,ssherred83@telegraph.co.uk,Male,177.10.54.32
293,Reuven,Serrurier,rserrurier84@washingtonpost.com,Male,161.148.227.197
294,Ody,Childs,ochilds85@oaic.gov.au,Male,75.179.107.99
295,Josefina,McWard,jmcward86@last.fm,Female,67.160.129.84
296,Junette,Hayers,jhayers87@comcast.net,Female,209.137.16.121
297,Eleanore,Howard - Gater,ehowardgater88@who.int,Female,114.221.105.93
298,Doralin,Williamson,dwilliamson89@constantcontact.com,Female,27.155.10.221
299,Rani,Slayny,rslayny8a@cmu.edu,Female,162.247.57.88
300,Saunders,Guiraud,sguiraud8b@drupal.org,Male,246.233.217.248
301,Peri,Clogg,pclogg8c@yandex.ru,Female,191.145.116.53
302,Herculie,Mozzetti,hmozzetti8d@netscape.com,Male,238.3.159.89
303,Les,Rugge,lrugge8e@eepurl.com,Male,230.166.129.242
304,Olivier,Poll,opoll8f@ovh.net,Male,135.102.156.71
305,Sibeal,Fozard,sfozard8g@hugedomains.com,Female,101.118.247.169
306,Noak,Besnardeau,nbesnardeau8h@biblegateway.com,Male,216.160.154.122
307,Myrtie,Laxson,mlaxson8i@joomla.org,Female,92.157.52.187
308,Abagael,Boyet,aboyet8j@boston.com,Female,37.34.204.79
309,Mario,Mallen,mmallen8k@washington.edu,Male,76.65.216.167
310,Harland,Castano,hcastano8l@admin.ch,Male,150.240.30.244
311,Chloe,Pinyon,cpinyon8m@hostgator.com,Female,86.85.84.7
312,Ginger,Aynold,gaynold8n@squidoo.com,Male,90.68.184.130
313,Ephrayim,Willatts,ewillatts8o@tripod.com,Male,2.6.88.63
314,Abagail,Ferras,aferras8p@cafepress.com,Female,171.66.20.112
315,Marne,Whitelock,mwhitelock8q@mayoclinic.com,Female,224.213.194.150
316,Phillipe,Brabon,pbrabon8r@statcounter.com,Male,10.226.18.128
317,Carmon,Tatum,ctatum8s@go.com,Female,4.188.224.47
318,Heidi,Guest,hguest8t@bloglovin.com,Female,251.160.248.28
319,Bettina,Durdle,bdurdle8u@pagesperso-orange.fr,Female,35.208.58.222
320,Simone,Babst,sbabst8v@csmonitor.com,Female,93.254.181.170
321,Llewellyn,Jaffa,ljaffa8w@friendfeed.com,Male,100.110.181.79
322,Romy,Gellett,rgellett8x@weibo.com,Female,28.123.46.67
323,Alain,McCamish,amccamish8y@goo.gl,Male,29.172.206.126
324,Tucky,Sillitoe,tsillitoe8z@macromedia.com,Male,106.162.118.206
325,Elliot,Clemerson,eclemerson90@stanford.edu,Male,41.88.100.89
326,Dacia,Trehearn,dtrehearn91@salon.com,Female,98.21.225.134
327,Harlin,Toffalo,htoffalo92@thetimes.co.uk,Male,166.187.31.151
328,Hector,Buffery,hbuffery93@tamu.edu,Male,66.154.130.10
329,Jeanine,Attenburrow,jattenburrow94@bloglines.com,Female,52.211.220.197
330,Menard,Bernolet,mbernolet95@hexun.com,Male,21.218.130.66
331,Rudolf,Shapland,rshapland96@paginegialle.it,Male,204.165.246.182
332,Jeddy,Aughton,jaughton97@123-reg.co.uk,Male,118.150.206.103
333,Rayshell,Harbage,rharbage98@digg.com,Female,79.118.153.148
334,Aube,Raymont,araymont99@acquirethisname.com,Male,114.152.164.249
335,Earvin,Cosham,ecosham9a@quantcast.com,Male,153.217.49.206
336,Obediah,Bambridge,obambridge9b@cyberchimps.com,Male,114.73.9.64
337,Demetri,Cordier,dcordier9c@e-recht24.de,Male,142.143.158.98
338,Brear,Miller,bmiller9d@dropbox.com,Female,20.102.234.14
339,Shirl,Gallahar,sgallahar9e@java.com,Female,121.175.31.112
340,Octavia,Corbert,ocorbert9f@trellian.com,Female,111.97.172.168
341,Heinrik,Moffet,hmoffet9g@cargocollective.com,Male,138.166.28.64
342,Trenton,McGinley,tmcginley9h@merriam-webster.com,Male,227.220.72.193
343,Kania,Harg,kharg9i@examiner.com,Female,213.232.88.213
344,Arliene,Pawlik,apawlik9j@taobao.com,Female,18.55.240.92
345,Alexis,Barnbrook,abarnbrook9k@merriam-webster.com,Female,200.16.210.92
346,Papageno,Salerg,psalerg9l@wunderground.com,Male,11.111.215.140
347,Catharina,Livesley,clivesley9m@kickstarter.com,Female,211.46.107.157
348,Trudey,Artinstall,tartinstall9n@dell.com,Female,141.64.181.96
349,Annadiana,Parriss,aparriss9o@4shared.com,Female,130.183.153.70
350,Demetria,Van der Beek,dvanderbeek9p@squarespace.com,Female,108.120.198.138
351,Taylor,Brennans,tbrennans9q@quantcast.com,Male,103.115.100.108
352,Duffie,Abramamovh,dabramamovh9r@free.fr,Male,181.186.165.83
353,Shoshana,Goatman,sgoatman9s@ow.ly,Female,84.94.113.187
354,Miguelita,Paulin,mpaulin9t@nature.com,Female,59.241.246.241
355,Marylou,Sugar,msugar9u@samsung.com,Female,167.106.93.236
356,Kara-lynn,Gregine,kgregine9v@dedecms.com,Female,155.21.213.242
357,Josy,Whybray,jwhybray9w@harvard.edu,Female,56.60.199.130
358,Ragnar,Nuccitelli,rnuccitelli9x@europa.eu,Male,185.158.133.237
359,Minnie,Dudin,mdudin9y@printfriendly.com,Female,29.196.131.234
360,Bernardo,Assiter,bassiter9z@vistaprint.com,Male,162.141.189.174
361,Demetre,Culver,dculvera0@samsung.com,Male,167.28.56.82
362,Aurie,Kettley,akettleya1@engadget.com,Female,68.249.53.89
363,Tiffie,Robjohns,trobjohnsa2@nps.gov,Female,134.138.92.185
364,Anthia,Divver,adivvera3@creativecommons.org,Female,226.122.223.226
365,Vaclav,Dominec,vdomineca4@hatena.ne.jp,Male,6.59.249.31
366,Stefano,McKew,smckewa5@tamu.edu,Male,253.93.10.130
367,Miner,Swanborrow,mswanborrowa6@mail.ru,Male,32.76.116.217
368,Ianthe,Wordsworth,iwordswortha7@zimbio.com,Female,210.116.255.92
369,Kennie,Simko,ksimkoa8@yahoo.com,Male,12.108.44.213
370,Huntington,Blofeld,hblofelda9@ask.com,Male,163.216.161.74
371,Deidre,Wearden,dweardenaa@state.gov,Female,116.99.122.96
372,Brooks,Maggill'Andreis,bmaggillandreisab@gmpg.org,Female,147.209.14.245
373,Alisa,Dearan,adearanac@hubpages.com,Female,189.202.254.95
374,Edan,Stonall,estonallad@engadget.com,Male,27.219.254.185
375,Peder,Beckensall,pbeckensallae@prlog.org,Male,46.160.26.201
376,Lorne,Filyukov,lfilyukovaf@digg.com,Female,128.227.51.12
377,Dyanna,Minett,dminettag@state.gov,Female,53.203.213.131
378,Avigdor,Boag,aboagah@networksolutions.com,Male,164.150.172.221
379,Salomone,Terrey,sterreyai@opensource.org,Male,166.191.108.83
380,Othilia,Wollaston,owollastonaj@illinois.edu,Female,87.55.232.45
381,Olympia,Planks,oplanksak@engadget.com,Female,83.127.171.179
382,Lucias,Blackett,lblackettal@unicef.org,Male,42.214.17.1
383,Munmro,Nelane,mnelaneam@msn.com,Male,190.126.240.219
384,Herby,Arntzen,harntzenan@zdnet.com,Male,191.182.124.167
385,Shurwood,Clapston,sclapstonao@yellowpages.com,Male,146.247.27.95
386,Giovanna,Wenzel,gwenzelap@mtv.com,Female,88.48.163.37
387,Fletcher,Pawlik,fpawlikaq@weibo.com,Male,125.182.196.136
388,Zachary,Tookill,ztookillar@engadget.com,Male,103.61.71.243
389,Ava,Playle,aplayleas@who.int,Female,123.138.203.175
390,Lilias,McGilmartin,lmcgilmartinat@shareasale.com,Female,141.16.190.107
391,Elmore,Glabach,eglabachau@techcrunch.com,Male,197.211.1.177
392,Nevile,Glencrosche,nglencroscheav@uol.com.br,Male,48.12.209.167
393,Wilhelmina,Eustanch,weustanchaw@independent.co.uk,Female,203.249.235.104
394,Mauricio,Boole,mbooleax@pinterest.com,Male,59.163.239.15
395,Auria,Hutcheon,ahutcheonay@globo.com,Female,37.224.6.116
396,Simone,Fowler,sfowleraz@devhub.com,Female,181.67.184.45
397,Jolee,Coath,jcoathb0@domainmarket.com,Female,206.35.37.196
398,Barbara,Marousek,bmarousekb1@dot.gov,Female,209.160.36.185
399,Richmond,Gadney,rgadneyb2@macromedia.com,Male,168.36.175.138
400,Marcellus,Haquin,mhaquinb3@seesaa.net,Male,102.25.81.71
401,Michale,Tregiddo,mtregiddob4@examiner.com,Male,92.90.249.101
402,Savina,Domini,sdominib5@imdb.com,Female,197.34.214.52
403,Inglis,Danslow,idanslowb6@eepurl.com,Male,171.121.138.101
404,Woodie,Buffham,wbuffhamb7@nba.com,Male,61.9.106.25
405,Tristam,Petrescu,tpetrescub8@youtube.com,Male,200.207.173.116
406,Vlad,McCluin,vmccluinb9@behance.net,Male,209.32.33.14
407,Steve,Onion,sonionba@nyu.edu,Male,26.75.137.195
408,Sharity,Shirt,sshirtbb@businessweek.com,Female,181.118.161.233
409,Miranda,Koba,mkobabc@sciencedaily.com,Female,170.136.214.79
410,Daryn,Itzak,ditzakbd@stanford.edu,Female,55.179.235.166
411,Nev,Hindes,nhindesbe@si.edu,Male,46.181.144.249
412,Kelsey,Gomersall,kgomersallbf@eventbrite.com,Female,235.99.169.79
413,Lissa,Lage,llagebg@naver.com,Female,77.31.180.194
414,Lionel,Hurdwell,lhurdwellbh@xinhuanet.com,Male,161.21.79.224
415,Demott,Tonry,dtonrybi@acquirethisname.com,Male,74.13.109.157
416,Rodina,Upfold,rupfoldbj@over-blog.com,Female,131.186.165.64
417,Starlin,Talkington,stalkingtonbk@elegantthemes.com,Female,233.103.173.40
418,Allissa,Finden,afindenbl@ehow.com,Female,251.58.99.235
419,Deni,Dmitr,ddmitrbm@un.org,Female,33.157.47.57
420,Kelbee,Birkmyre,kbirkmyrebn@networksolutions.com,Male,173.119.79.31
421,Melvyn,Faill,mfaillbo@bbb.org,Male,113.41.121.255
422,Alix,Jenner,ajennerbp@telegraph.co.uk,Female,79.43.212.174
423,Cello,Bearham,cbearhambq@answers.com,Male,77.250.239.214
424,Etienne,Castelin,ecastelinbr@tinyurl.com,Male,209.212.163.25
425,Westleigh,Seals,wsealsbs@cornell.edu,Male,86.17.222.174
426,Mabelle,Raise,mraisebt@lulu.com,Female,160.176.185.185
427,Sigvard,Tilzey,stilzeybu@mayoclinic.com,Male,57.126.233.237
428,Dreddy,Alban,dalbanbv@bigcartel.com,Female,57.70.144.121
429,Tomlin,Cudby,tcudbybw@baidu.com,Male,180.25.189.223
430,Torrey,Ludford,tludfordbx@ow.ly,Male,6.83.222.125
431,Vonnie,Margrem,vmargremby@pbs.org,Female,85.243.211.128
432,Melina,Penberthy,mpenberthybz@freewebs.com,Female,62.159.161.226
433,Adelind,Balint,abalintc0@merriam-webster.com,Female,139.6.221.84
434,Fielding,Doniso,fdonisoc1@moonfruit.com,Male,17.179.64.253
435,Augustine,Corain,acorainc2@a8.net,Male,231.119.189.41
436,Renell,Ingledow,ringledowc3@elpais.com,Female,21.186.75.27
437,Fenelia,Lightwood,flightwoodc4@twitpic.com,Female,176.166.117.116
438,Mikael,Leney,mleneyc5@gmpg.org,Male,110.151.195.171
439,Claudio,Brickstock,cbrickstockc6@salon.com,Male,236.207.31.116
440,Christos,Schubert,cschubertc7@pinterest.com,Male,194.2.131.207
441,Tab,Handrock,thandrockc8@ft.com,Male,108.193.244.134
442,Merrill,Shanklin,mshanklinc9@tmall.com,Female,78.211.117.56
443,Odelle,Rumsey,orumseyca@narod.ru,Female,152.94.147.222
444,Cesare,Kumar,ckumarcb@homestead.com,Male,124.210.111.137
445,Felike,Dallaway,fdallawaycc@blogspot.com,Male,213.188.154.95
446,Ryan,Gland,rglandcd@google.es,Male,232.19.146.55
447,Nollie,Moxon,nmoxonce@upenn.edu,Male,218.49.107.72
448,Robinet,Braddick,rbraddickcf@acquirethisname.com,Male,202.91.101.216
449,Mathew,Hughes,mhughescg@ed.gov,Male,204.184.95.205
450,Gerrilee,Basnett,gbasnettch@sciencedaily.com,Female,103.42.75.244
451,Kiri,Jorczyk,kjorczykci@imdb.com,Female,15.42.127.50
452,Jaymee,Todaro,jtodarocj@skyrock.com,Female,118.59.103.161
453,Davida,Farry,dfarryck@theguardian.com,Female,8.125.67.43
454,Catlin,Neylon,cneyloncl@live.com,Female,63.55.13.156
455,Lacey,Crothers,lcrotherscm@slideshare.net,Female,148.79.150.246
456,Karia,Scamel,kscamelcn@dell.com,Female,114.136.171.93
457,Merline,Abbie,mabbieco@engadget.com,Female,238.59.221.171
458,Rianon,Standon,rstandoncp@techcrunch.com,Female,64.90.155.82
459,Katleen,Lawty,klawtycq@intel.com,Female,15.175.126.182
460,Darsey,Reignould,dreignouldcr@free.fr,Female,145.128.186.245
461,Anatola,Nathon,anathoncs@go.com,Female,92.241.151.23
462,Siegfried,Mattusov,smattusovct@chronoengine.com,Male,90.250.71.2
463,Shaine,Caillou,scailloucu@surveymonkey.com,Male,66.146.199.252
464,Rosaleen,Farfoot,rfarfootcv@amazon.de,Female,95.50.57.14
465,Ignacius,Hatherleigh,ihatherleighcw@blogger.com,Male,194.161.68.212
466,Ripley,Ralton,rraltoncx@usa.gov,Male,55.84.138.162
467,Cairistiona,Zimmermanns,czimmermannscy@biblegateway.com,Female,174.249.106.42
468,Christopher,Brierly,cbrierlycz@sakura.ne.jp,Male,235.238.102.184
469,Rabi,Kevis,rkevisd0@surveymonkey.com,Male,52.195.81.221
470,Rutherford,Eldridge,reldridged1@vkontakte.ru,Male,182.22.146.16
471,Hughie,Kunrad,hkunradd2@godaddy.com,Male,144.163.89.220
472,Jaine,Kobieriecki,jkobierieckid3@oracle.com,Female,8.212.25.242
473,Hadleigh,Hertwell,hhertwelld4@blogspot.com,Male,130.143.201.204
474,Paula,Chisholm,pchisholmd5@nhs.uk,Female,241.220.77.110
475,Sue,Broadis,sbroadisd6@chron.com,Female,27.97.219.217
476,Minda,Dwyr,mdwyrd7@arizona.edu,Female,177.204.161.120
477,Dewain,Volage,dvolaged8@jiathis.com,Male,132.117.9.244
478,Kanya,Smallcombe,ksmallcombed9@mit.edu,Female,114.246.142.35
479,Turner,Bailles,tbaillesda@spotify.com,Male,1.170.27.150
480,Farica,Beri,fberidb@linkedin.com,Female,54.200.110.209
481,Ardeen,Dearnley,adearnleydc@pcworld.com,Female,193.58.45.196
482,Robinia,Esler,reslerdd@utexas.edu,Female,161.26.156.89
483,Justine,Jackways,jjackwaysde@bing.com,Female,11.75.106.193
484,Brice,Mc Menamin,bmcmenamindf@blog.com,Male,194.185.244.214
485,Onfre,Jacop,ojacopdg@topsy.com,Male,167.50.172.84
486,Victoir,Roseveare,vrosevearedh@spotify.com,Male,248.3.189.212
487,Manon,Delhay,mdelhaydi@weather.com,Female,8.34.171.138
488,Terra,Luna,tlunadj@booking.com,Female,169.178.45.33
489,Darci,Pischoff,dpischoffdk@reverbnation.com,Female,232.59.238.192
490,Maureene,Feek,mfeekdl@economist.com,Female,26.248.191.24
491,Matilde,Grenkov,mgrenkovdm@bluehost.com,Female,116.102.77.237
492,Noam,Bollini,nbollinidn@fastcompany.com,Male,82.78.219.199
493,Arlen,Aylward,aaylwarddo@wikipedia.org,Male,234.76.187.120
494,Nathaniel,Troop,ntroopdp@joomla.org,Male,210.49.177.35
495,Loella,Barrott,lbarrottdq@elpais.com,Female,106.171.12.188
496,Roselle,Fairholme,rfairholmedr@umn.edu,Female,68.128.190.69
497,Xerxes,Cannon,xcannonds@narod.ru,Male,220.218.142.143
498,Stinky,Brazener,sbrazenerdt@angelfire.com,Male,12.41.238.88
499,Grace,Matskiv,gmatskivdu@cloudflare.com,Female,190.119.88.21
500,Val,Juliano,vjulianodv@globo.com,Female,76.110.76.39
501,Lavina,Shimmings,lshimmingsdw@joomla.org,Female,155.112.223.31
502,Albertina,Lomas,alomasdx@i2i.jp,Female,187.209.153.53
503,Gannie,Castello,gcastellody@indiatimes.com,Male,241.151.77.1
504,Farlee,Doogue,fdooguedz@mozilla.com,Male,157.198.178.85
505,Noach,Chisholm,nchisholme0@usa.gov,Male,68.137.153.213
506,Thorin,Dagnan,tdagnane1@hugedomains.com,Male,245.146.243.189
507,Carlynne,Noirel,cnoirele2@arstechnica.com,Female,89.207.136.239
508,Kingsly,Souch,ksouche3@upenn.edu,Male,114.106.33.30
509,Teressa,Rhys,trhyse4@dmoz.org,Female,37.74.40.119
510,Mavra,Corrin,mcorrine5@umn.edu,Female,57.32.206.67
511,Hadrian,Leguay,hleguaye6@liveinternet.ru,Male,67.65.153.187
512,Gerrard,Smouten,gsmoutene7@desdev.cn,Male,214.197.198.203
513,Gallard,Hearnes,ghearnese8@about.com,Male,14.181.93.172
514,Berri,Blondelle,bblondellee9@ovh.net,Female,126.24.83.10
515,Sigfrid,Coatman,scoatmanea@boston.com,Male,38.141.109.29
516,Bernadene,Castaneda,bcastanedaeb@de.vu,Female,237.59.79.6
517,Alleen,Ingleston,ainglestonec@list-manage.com,Female,15.58.56.116
518,Hal,Jeaves,hjeavesed@si.edu,Male,184.83.23.141
519,Valencia,McKeachie,vmckeachieee@1688.com,Female,229.138.22.252
520,Wynne,Bentz,wbentzef@tamu.edu,Female,111.26.38.239
521,Gardiner,Duester,gduestereg@instagram.com,Male,111.55.184.145
522,Wylma,Scahill,wscahilleh@google.pl,Female,20.141.112.244
523,Abram,Meijer,ameijerei@princeton.edu,Male,61.172.253.183
524,Karisa,Quilkin,kquilkinej@usnews.com,Female,217.81.37.97
525,Chiarra,Boothroyd,cboothroydek@squarespace.com,Female,178.34.89.69
526,Jermaine,Oxborrow,joxborrowel@ca.gov,Male,229.87.14.38
527,Theodora,Hansie,thansieem@baidu.com,Female,123.94.190.172
528,Maritsa,Perrins,mperrinsen@cmu.edu,Female,5.199.162.87
529,Nance,Brunke,nbrunkeeo@ehow.com,Female,166.33.6.176
530,Travis,Corkel,tcorkelep@house.gov,Male,175.116.241.47
531,Sibley,Pedrollo,spedrolloeq@bloomberg.com,Female,227.26.106.245
532,Dorree,Ashling,dashlinger@washingtonpost.com,Female,52.110.16.250
533,Karlotte,Brehault,kbrehaultes@bandcamp.com,Female,74.45.96.230
534,Teri,Foulkes,tfoulkeset@miibeian.gov.cn,Female,114.58.212.188
535,Jobie,Siggens,jsiggenseu@geocities.jp,Female,166.66.164.34
536,Maridel,Gerrad,mgerradev@smh.com.au,Female,224.177.155.234
537,Irina,Timbs,itimbsew@unblog.fr,Female,249.125.92.194
538,Zarla,Shergill,zshergillex@tamu.edu,Female,212.84.15.159
539,Mercie,Phette,mphetteey@alibaba.com,Female,145.3.191.125
540,Grantley,Hecks,ghecksez@nymag.com,Male,82.168.3.38
541,Jourdain,Riglesford,jriglesfordf0@archive.org,Male,199.151.48.35
542,Lauren,Grimshaw,lgrimshawf1@engadget.com,Female,137.178.15.247
543,Ann,Vassel,avasself2@microsoft.com,Female,62.159.198.224
544,Jerrie,Birtwisle,jbirtwislef3@google.pl,Female,42.154.142.146
545,Cloe,Bryning,cbryningf4@businesswire.com,Female,50.213.184.87
546,Braden,Whapples,bwhapplesf5@hao123.com,Male,17.219.158.31
547,Cristiano,Jewis,cjewisf6@huffingtonpost.com,Male,162.123.71.177
548,Wenonah,Camus,wcamusf7@homestead.com,Female,242.51.203.227
549,Denny,Conrart,dconrartf8@businessweek.com,Male,1.243.99.177
550,Tucker,Breton,tbretonf9@freewebs.com,Male,197.251.39.253
551,Nils,Oddy,noddyfa@hibu.com,Male,186.97.63.122
552,Hortensia,Jeeves,hjeevesfb@zimbio.com,Female,162.252.168.73
553,Flem,Shuttlewood,fshuttlewoodfc@constantcontact.com,Male,3.108.213.9
554,Paddie,Gregoire,pgregoirefd@de.vu,Male,162.84.52.76
555,Drusie,Camis,dcamisfe@salon.com,Female,136.212.144.246
556,Wilmar,Oran,woranff@surveymonkey.com,Male,205.124.220.17
557,Neely,Dobrowlski,ndobrowlskifg@taobao.com,Female,247.171.159.168
558,Annelise,Aindriu,aaindriufh@umich.edu,Female,168.185.127.89
559,Barrett,Yate,byatefi@tiny.cc,Male,204.186.254.197
560,Sandor,Triner,strinerfj@hexun.com,Male,217.147.203.23
561,Cherianne,Rosengart,crosengartfk@amazon.co.jp,Female,171.80.145.131
562,Darrin,De Santos,ddesantosfl@java.com,Male,11.102.144.2
563,Gerrie,Bisiker,gbisikerfm@people.com.cn,Male,112.185.166.45
564,Kyle,Greatbatch,kgreatbatchfn@lulu.com,Male,85.72.154.117
565,Cad,Matfin,cmatfinfo@quantcast.com,Male,8.64.15.34
566,Simonne,Cruft,scruftfp@time.com,Female,127.228.102.33
567,Waylan,Union,wunionfq@utexas.edu,Male,215.4.205.2
568,Mikaela,Siney,msineyfr@ox.ac.uk,Female,13.10.171.145
569,Suzette,Kiraly,skiralyfs@1688.com,Female,172.48.154.121
570,Titus,Hestrop,thestropft@ocn.ne.jp,Male,116.144.177.120
571,Jill,Gaines,jgainesfu@e-recht24.de,Female,157.167.241.194
572,Elyn,I'anson,eiansonfv@wired.com,Female,112.143.96.75
573,Atalanta,Fortey,aforteyfw@addtoany.com,Female,222.156.6.58
574,Danni,Gravet,dgravetfx@webnode.com,Female,26.156.41.211
575,Clark,MacGee,cmacgeefy@sbwire.com,Male,41.41.253.219
576,Thia,Mottini,tmottinifz@oaic.gov.au,Female,27.141.221.14
577,Odille,Beavington,obeavingtong0@virginia.edu,Female,107.7.149.142
578,Darrick,Gajownik,dgajownikg1@ask.com,Male,76.84.131.114
579,Meta,Gaunter,mgaunterg2@g.co,Female,184.216.208.103
580,Yul,Dran,ydrang3@amazon.com,Male,8.118.3.225
581,Angelia,Camsey,acamseyg4@blogs.com,Female,128.150.143.119
582,Clovis,Wyrall,cwyrallg5@china.com.cn,Female,62.20.238.190
583,Darcie,Newbury,dnewburyg6@mac.com,Female,239.116.27.0
584,Bebe,Troop,btroopg7@posterous.com,Female,124.149.77.211
585,Alphard,Denial,adenialg8@pen.io,Male,124.31.203.70
586,Tiebold,Ulster,tulsterg9@ehow.com,Male,245.174.179.108
587,Luella,Glossup,lglossupga@narod.ru,Female,233.248.104.150
588,Taryn,Pestor,tpestorgb@globo.com,Female,31.221.4.23
589,Jordana,Odney,jodneygc@weebly.com,Female,51.175.145.188
590,Brooke,Grizard,bgrizardgd@goodreads.com,Male,102.33.42.9
591,Heywood,Barmadier,hbarmadierge@myspace.com,Male,28.121.135.137
592,Analiese,Beeck,abeeckgf@blogs.com,Female,242.140.204.10
593,Kaycee,Coverlyn,kcoverlyngg@histats.com,Female,70.49.153.228
594,Bartolemo,Raggatt,braggattgh@vk.com,Male,201.0.111.210
595,Kiley,Hasnney,khasnneygi@yahoo.com,Female,67.50.94.43
596,Bradford,Rotherham,brotherhamgj@statcounter.com,Male,76.129.156.19
597,Alleyn,Watsham,awatshamgk@netscape.com,Male,119.210.41.165
598,Daryl,Onge,dongegl@google.es,Female,59.8.49.10
599,Brewster,Leheude,bleheudegm@privacy.gov.au,Male,163.213.143.229
600,Mano,Khomin,mkhomingn@google.pl,Male,43.178.167.93
601,Tatiana,Prigg,tprigggo@skyrock.com,Female,84.13.189.91
602,Brita,Munks,bmunksgp@narod.ru,Female,1.27.165.47
603,Caesar,Trammel,ctrammelgq@canalblog.com,Male,77.78.219.127
604,Marna,Burry,mburrygr@twitpic.com,Female,114.109.162.109
605,Annmaria,Doble,adoblegs@comcast.net,Female,17.161.55.97
606,Berni,Trude,btrudegt@buzzfeed.com,Female,0.84.155.42
607,Colver,Scane,cscanegu@creativecommons.org,Male,107.47.65.14
608,Caryl,Binne,cbinnegv@topsy.com,Male,167.215.218.240
609,Bay,Diplock,bdiplockgw@mac.com,Male,191.134.235.220
610,Jillene,Draycott,jdraycottgx@xinhuanet.com,Female,1.138.119.188
611,Felicia,Andreaccio,fandreacciogy@bluehost.com,Female,148.184.128.123
612,Stacee,Ferenc,sferencgz@ibm.com,Female,193.231.161.74
613,Charmane,Cosley,ccosleyh0@miitbeian.gov.cn,Female,48.162.224.237
614,Babbie,Denecamp,bdenecamph1@ycombinator.com,Female,36.181.156.214
615,Kain,Blackly,kblacklyh2@nih.gov,Male,179.40.229.83
616,Patti,Saffle,psaffleh3@cloudflare.com,Female,41.165.11.248
617,Parke,Yegorov,pyegorovh4@123-reg.co.uk,Male,6.156.180.228
618,Philomena,Olenov,polenovh5@hc360.com,Female,199.174.218.115
619,Merrick,Dilawey,mdilaweyh6@sphinn.com,Male,234.227.184.112
620,Cora,Powter,cpowterh7@1688.com,Female,37.164.198.112
621,Sarajane,Stuchburie,sstuchburieh8@hc360.com,Female,242.151.192.35
622,Lisetta,Onslow,lonslowh9@techcrunch.com,Female,169.208.119.137
623,Dolorita,Getley,dgetleyha@cbsnews.com,Female,1.150.157.4
624,Belle,Natt,bnatthb@shareasale.com,Female,22.12.177.182
625,Jameson,Troctor,jtroctorhc@scientificamerican.com,Male,4.250.176.250
626,Phip,Northern,pnorthernhd@thetimes.co.uk,Male,45.127.24.89
627,Bunni,Christopherson,bchristophersonhe@hibu.com,Female,200.39.112.8
628,Leigha,Hiddersley,lhiddersleyhf@indiegogo.com,Female,153.172.227.0
629,Morie,Brinsford,mbrinsfordhg@princeton.edu,Male,15.208.82.229
630,Ruggiero,Babbidge,rbabbidgehh@nationalgeographic.com,Male,247.69.169.221
631,Cyril,Bover,cboverhi@illinois.edu,Male,245.7.254.24
632,Quintin,Symson,qsymsonhj@utexas.edu,Male,106.242.4.32
633,Reider,Sima,rsimahk@admin.ch,Male,158.166.100.159
634,Barri,Heaney`,bheaneyhl@independent.co.uk,Male,121.72.36.229
635,Maure,Goodban,mgoodbanhm@illinois.edu,Female,74.45.92.38
636,Kacey,Aspel,kaspelhn@ucsd.edu,Female,147.237.1.5
637,Renard,MacTeague,rmacteagueho@foxnews.com,Male,163.21.127.215
638,Von,Fairlam,vfairlamhp@redcross.org,Male,161.71.9.9
639,Toiboid,Fader,tfaderhq@cpanel.net,Male,6.90.35.243
640,Kelley,Swannack,kswannackhr@msu.edu,Male,82.21.203.46
641,Florina,Killingsworth,fkillingsworthhs@nasa.gov,Female,129.88.212.167
642,Gabriel,Clarkson,gclarksonht@free.fr,Female,245.158.110.233
643,Britt,Greguol,bgreguolhu@umich.edu,Male,103.165.63.224
644,Maureene,Birden,mbirdenhv@webmd.com,Female,237.193.184.2
645,Stanleigh,Gronaver,sgronaverhw@nba.com,Male,227.131.95.90
646,Fredia,Braferton,fbrafertonhx@amazon.co.jp,Female,229.157.39.46
647,Vina,Humes,vhumeshy@cornell.edu,Female,122.187.19.228
648,Jemimah,Belliard,jbelliardhz@sbwire.com,Female,160.186.66.52
649,Modesty,Wadlow,mwadlowi0@printfriendly.com,Female,75.102.8.28
650,Dalli,MacGilfoyle,dmacgilfoylei1@addtoany.com,Male,206.28.112.114
651,Marilee,McCaskell,mmccaskelli2@google.ca,Female,82.176.157.187
652,Martyn,Orris,morrisi3@phoca.cz,Male,192.87.165.165
653,Abdul,Thornber,athornberi4@indiatimes.com,Male,145.17.48.148
654,Jack,Rodgerson,jrodgersoni5@elpais.com,Male,237.146.237.189
655,Saxon,Chasles,schaslesi6@e-recht24.de,Male,178.100.58.220
656,Dev,Sycamore,dsycamorei7@usatoday.com,Male,73.169.230.170
657,Vito,Hawking,vhawkingi8@storify.com,Male,168.173.34.255
658,Helen,Townson,htownsoni9@huffingtonpost.com,Female,193.5.152.74
659,Lavena,St. Ledger,lstledgeria@example.com,Female,238.245.88.140
660,Mandel,Andrejs,mandrejsib@creativecommons.org,Male,127.97.74.143
661,Marietta,Brise,mbriseic@blogtalkradio.com,Male,215.97.162.81
662,Lindsy,Jelfs,ljelfsid@hatena.ne.jp,Female,135.200.170.199
663,Christoph,Cody,ccodyie@bigcartel.com,Male,240.145.157.208
664,Paddy,Rabier,prabierif@umn.edu,Male,107.173.251.180
665,Gayelord,Maggorini,gmaggoriniig@arizona.edu,Male,215.49.108.3
666,Garvey,Pattullo,gpattulloih@dot.gov,Male,116.6.18.115
667,Catlin,Hendrickson,chendricksonii@yellowpages.com,Female,161.255.56.168
668,Brade,Emmatt,bemmattij@gizmodo.com,Male,232.106.44.111
669,Donica,Blagden,dblagdenik@dailymotion.com,Female,81.97.133.95
670,Sioux,Kennon,skennonil@mlb.com,Female,90.243.0.38
671,Hedy,Kondratyuk,hkondratyukim@digg.com,Female,21.238.64.10
672,Nissie,Brister,nbristerin@fastcompany.com,Female,194.79.125.49
673,Cad,Zwicker,czwickerio@webmd.com,Male,110.243.62.101
674,Samson,Hatherley,shatherleyip@mapquest.com,Male,145.38.46.2
675,Ivar,Fox,ifoxiq@cnn.com,Male,23.165.135.174
676,Billy,Fick,bfickir@craigslist.org,Female,180.224.81.39
677,Corry,Charlo,ccharlois@indiegogo.com,Female,78.226.87.10
678,Rance,Fardy,rfardyit@flickr.com,Male,109.42.118.222
679,Katuscha,Lamartine,klamartineiu@sina.com.cn,Female,243.25.247.120
680,Orv,cornhill,ocornhilliv@blinklist.com,Male,86.166.194.66
681,Shelbi,Aaronson,saaronsoniw@dailymail.co.uk,Female,244.37.249.91
682,Fidela,Worssam,fworssamix@weebly.com,Female,96.171.47.23
683,Udell,Grunnill,ugrunnilliy@bluehost.com,Male,228.101.59.144
684,Emmery,Morrant,emorrantiz@naver.com,Male,226.7.134.244
685,Jennee,Iddon,jiddonj0@phpbb.com,Female,39.98.171.195
686,Koral,Yakolev,kyakolevj1@nbcnews.com,Female,112.132.13.62
687,Kaye,Ternouth,kternouthj2@about.com,Female,27.173.132.181
688,Trstram,Ealden,tealdenj3@oracle.com,Male,19.142.180.151
689,Frasco,Tease,fteasej4@cbc.ca,Male,7.36.207.190
690,Matti,Fochs,mfochsj5@linkedin.com,Female,63.83.142.140
691,Norean,Pochet,npochetj6@wordpress.org,Female,22.151.214.116
692,Norah,Moules,nmoulesj7@pcworld.com,Female,69.28.130.213
693,Carlie,Sauter,csauterj8@github.com,Female,165.33.152.148
694,Erina,Hylands,ehylandsj9@nba.com,Female,226.250.59.230
695,Jameson,Martynka,jmartynkaja@github.com,Male,37.172.215.164
696,Blakeley,Longcake,blongcakejb@redcross.org,Female,180.28.140.220
697,Maximo,Leet,mleetjc@bizjournals.com,Male,25.39.75.40
698,Angel,Manuelli,amanuellijd@yahoo.com,Female,97.149.201.49
699,Aldus,Simioni,asimionije@xrea.com,Male,181.227.149.177
700,Gratia,Cornall,gcornalljf@cafepress.com,Female,252.36.3.87
701,Howard,De Meyer,hdemeyerjg@homestead.com,Male,191.102.181.235
702,Fax,Marples,fmarplesjh@yellowpages.com,Male,53.87.63.244
703,Kevin,Yeaman,kyeamanji@sun.com,Male,32.43.98.12
704,Gustav,Curtayne,gcurtaynejj@eventbrite.com,Male,210.235.229.209
705,Mattheus,Inston,minstonjk@tiny.cc,Male,30.209.170.176
706,Edwina,Birden,ebirdenjl@jimdo.com,Female,4.227.26.119
707,Giraldo,Duchart,gduchartjm@illinois.edu,Male,76.11.222.147
708,Toddie,Veld,tveldjn@wunderground.com,Male,121.136.51.190
709,Matthieu,Emes,memesjo@amazonaws.com,Male,99.98.50.122
710,Farlay,Gladhill,fgladhilljp@moonfruit.com,Male,53.138.130.105
711,Husein,Gohn,hgohnjq@shareasale.com,Male,60.188.216.224
712,Roze,Cordero,rcorderojr@newyorker.com,Female,75.212.141.219
713,Julissa,Fitzjohn,jfitzjohnjs@de.vu,Female,211.117.107.105
714,Cele,Callf,ccallfjt@amazon.de,Female,145.36.238.118
715,Isiahi,Mazzia,imazziaju@privacy.gov.au,Male,108.116.133.8
716,Delmore,Silvers,dsilversjv@jigsy.com,Male,253.117.68.48
717,Estella,Fears,efearsjw@twitter.com,Female,154.195.236.71
718,Casi,Olechnowicz,colechnowiczjx@europa.eu,Female,200.234.154.94
719,Al,Wharin,awharinjy@wikispaces.com,Male,159.121.9.21
720,Hatty,Blenkinsopp,hblenkinsoppjz@ihg.com,Female,147.101.234.86
721,Osbourne,Annion,oannionk0@chron.com,Male,109.240.39.126
722,Andra,Dudny,adudnyk1@howstuffworks.com,Female,133.203.29.177
723,Jason,Dugan,jdugank2@npr.org,Male,234.42.99.21
724,Karena,Recke,kreckek3@weebly.com,Female,133.241.91.129
725,Carlyn,Kop,ckopk4@nifty.com,Female,140.7.240.110
726,Magda,Hollyman,mhollymank5@github.com,Female,67.89.165.22
727,Cristina,Stewartson,cstewartsonk6@indiegogo.com,Female,148.176.82.20
728,Clark,Beadle,cbeadlek7@irs.gov,Male,148.116.149.254
729,Rosamund,Ridings,rridingsk8@nba.com,Female,164.223.97.237
730,Windham,Ivanitsa,wivanitsak9@blogspot.com,Male,226.105.93.164
731,Ginnifer,Leupold,gleupoldka@dmoz.org,Female,170.109.36.53
732,Timmy,Tellenbrok,ttellenbrokkb@ihg.com,Male,109.41.166.71
733,Marlena,Connow,mconnowkc@google.fr,Female,33.142.101.168
734,Maddalena,Kobke,mkobkekd@tripod.com,Female,50.200.123.149
735,Cherianne,Sygroves,csygroveske@discovery.com,Female,221.93.51.64
736,Duke,Winckle,dwincklekf@ustream.tv,Male,163.10.204.143
737,Walker,Figger,wfiggerkg@slate.com,Male,18.251.189.124
738,Lorene,Shingles,lshingleskh@unc.edu,Female,175.10.23.136
739,Fred,Mabbutt,fmabbuttki@rambler.ru,Male,156.45.245.182
740,Inger,Swinfon,iswinfonkj@reverbnation.com,Female,106.214.246.42
741,Emma,Lints,elintskk@ibm.com,Female,210.231.148.109
742,Barbabra,Josland,bjoslandkl@yolasite.com,Female,79.142.74.144
743,Smith,MacNelly,smacnellykm@bandcamp.com,Male,213.232.205.160
744,Darb,Stanyer,dstanyerkn@dyndns.org,Male,159.253.245.205
745,Janeta,Panyer,jpanyerko@pbs.org,Female,255.82.83.103
746,Sullivan,Brookes,sbrookeskp@photobucket.com,Male,182.39.188.244
747,Fitzgerald,Foad,ffoadkq@sun.com,Male,237.156.193.211
748,Leia,Slopier,lslopierkr@sciencedaily.com,Female,21.60.190.78
749,Myrtie,Driver,mdriverks@mozilla.org,Female,157.186.196.9
750,Evonne,Tatersale,etatersalekt@bloomberg.com,Female,4.188.25.77
751,Terence,Bulloch,tbullochku@berkeley.edu,Male,32.89.240.81
752,Sioux,Casone,scasonekv@nationalgeographic.com,Female,226.237.115.154
753,Monte,Gaynor,mgaynorkw@howstuffworks.com,Male,178.26.121.182
754,Hoebart,Lessmare,hlessmarekx@adobe.com,Male,232.162.72.207
755,Erda,Borthe,ebortheky@skyrock.com,Female,79.97.198.50
756,Dasie,Attwoul,dattwoulkz@upenn.edu,Female,3.84.10.160
757,Dorita,Waylett,dwaylettl0@dailymail.co.uk,Female,254.196.187.171
758,Avram,Piccard,apiccardl1@bluehost.com,Male,131.73.146.230
759,Lammond,Hinks,lhinksl2@joomla.org,Male,220.119.4.86
760,Sherm,Greated,sgreatedl3@desdev.cn,Male,238.239.207.43
761,Tori,McKinney,tmckinneyl4@simplemachines.org,Female,194.224.16.152
762,Alwyn,Bond,abondl5@infoseek.co.jp,Male,151.185.231.252
763,Cobby,Nicholls,cnichollsl6@google.fr,Male,83.81.67.55
764,Cally,Girardini,cgirardinil7@webmd.com,Female,147.8.14.202
765,Brinna,Schult,bschultl8@jugem.jp,Female,86.12.220.52
766,Lulita,Carlisi,lcarlisil9@rakuten.co.jp,Female,80.149.88.63
767,Peggie,Baldazzi,pbaldazzila@livejournal.com,Female,240.217.192.232
768,Enos,Sackur,esackurlb@wordpress.org,Male,33.162.69.125
769,Noell,Fronzek,nfronzeklc@reuters.com,Female,62.14.32.125
770,Cosmo,Avesque,cavesqueld@smugmug.com,Male,191.165.109.159
771,Nigel,Bortoletti,nbortolettile@deliciousdays.com,Male,181.235.23.182
772,Jesus,Yter,jyterlf@mashable.com,Male,106.121.68.164
773,Annamaria,Brownsworth,abrownsworthlg@twitter.com,Female,155.61.100.142
774,Tye,Woolford,twoolfordlh@homestead.com,Male,23.166.90.134
775,Farris,Crew,fcrewli@ifeng.com,Male,248.73.179.160
776,Dyanne,Puleston,dpulestonlj@godaddy.com,Female,11.218.8.177
777,Tully,Peet,tpeetlk@digg.com,Male,97.131.141.144
778,Bessie,Schwaiger,bschwaigerll@constantcontact.com,Female,110.176.213.45
779,Emmey,Daldry,edaldrylm@squidoo.com,Female,25.230.40.193
780,Franklin,Cowterd,fcowterdln@artisteer.com,Male,53.83.73.241
781,Evelyn,Tatersale,etatersalelo@google.ru,Female,240.239.109.32
782,Reamonn,Bonifazio,rbonifaziolp@t-online.de,Male,56.132.215.50
783,Arron,Arkin,aarkinlq@msu.edu,Male,110.81.255.89
784,Otes,Quig,oquiglr@newsvine.com,Male,181.191.236.184
785,Rolland,Gold,rgoldls@issuu.com,Male,58.27.87.208
786,Galen,Griffitt,ggriffittlt@over-blog.com,Male,183.27.83.191
787,Tymothy,Sloey,tsloeylu@wordpress.org,Male,168.2.65.255
788,Bryn,Bree,bbreelv@ezinearticles.com,Male,174.113.230.70
789,Brew,Huskisson,bhuskissonlw@1688.com,Male,99.65.240.28
790,Rosalie,Codner,rcodnerlx@360.cn,Female,71.228.243.140
791,Omero,Bateson,obatesonly@blog.com,Male,205.243.76.2
792,Virge,Feakins,vfeakinslz@g.co,Male,95.196.254.34
793,Lammond,Lawther,llawtherm0@toplist.cz,Male,158.18.140.59
794,Abbey,Stonestreet,astonestreetm1@vkontakte.ru,Male,20.76.42.126
795,Myrtia,Teaze,mteazem2@ucoz.ru,Female,226.0.26.72
796,Ralph,Billett,rbillettm3@nasa.gov,Male,18.93.87.145
797,Shermie,Dripp,sdrippm4@geocities.jp,Male,128.83.146.24
798,Sharai,Garbert,sgarbertm5@wiley.com,Female,87.25.244.73
799,Tades,Pountain,tpountainm6@cocolog-nifty.com,Male,3.130.105.80
800,Coleen,Gartshore,cgartshorem7@posterous.com,Female,176.147.90.111
801,Alwin,O'Cooney,aocooneym8@nbcnews.com,Male,164.55.180.133
802,Maggi,Condell,mcondellm9@state.tx.us,Female,50.160.99.157
803,Darbee,McCaighey,dmccaigheyma@trellian.com,Male,193.166.210.81
804,Wilmette,Forsbey,wforsbeymb@hp.com,Female,124.147.70.120
805,Rowney,Balazs,rbalazsmc@jimdo.com,Male,109.71.86.39
806,Enrico,Tunney,etunneymd@infoseek.co.jp,Male,2.15.210.231
807,Edan,Haxby,ehaxbyme@ibm.com,Male,119.13.2.79
808,Alick,Blasgen,ablasgenmf@japanpost.jp,Male,11.206.243.20
809,Ambros,Firebrace,afirebracemg@sohu.com,Male,128.5.55.193
810,Alexi,Pippin,apippinmh@google.pl,Female,151.110.115.123
811,Nadine,Paramor,nparamormi@sciencedaily.com,Female,16.105.103.86
812,Sheffy,Gosby,sgosbymj@cnbc.com,Male,75.76.164.137
813,Hardy,Axworthy,haxworthymk@goodreads.com,Male,87.186.106.35
814,Matthus,Laughtisse,mlaughtisseml@gnu.org,Male,238.224.12.112
815,Evin,McGeorge,emcgeorgemm@51.la,Male,83.222.228.0
816,Lon,Simmen,lsimmenmn@goodreads.com,Male,194.162.43.87
817,Moina,Boarleyson,mboarleysonmo@jiathis.com,Female,100.18.8.189
818,Carlene,Surgen,csurgenmp@indiegogo.com,Female,166.36.99.46
819,Romona,Fay,rfaymq@delicious.com,Female,62.185.199.158
820,Aubrette,Verrechia,averrechiamr@icq.com,Female,134.195.124.46
821,Michaelina,Carwithen,mcarwithenms@nih.gov,Female,44.189.42.134
822,Luigi,Simenel,lsimenelmt@who.int,Male,127.200.162.173
823,Durant,Lengthorn,dlengthornmu@time.com,Male,232.43.28.97
824,Samantha,Edinburough,sedinburoughmv@blog.com,Female,188.182.252.171
825,Lind,Handyside,lhandysidemw@dropbox.com,Male,150.53.74.75
826,Melva,GiacobbiniJacob,mgiacobbinijacobmx@networkadvertising.org,Female,56.180.157.105
827,Natale,Ingrem,ningremmy@jigsy.com,Male,93.12.146.65
828,Bell,Towl,btowlmz@census.gov,Female,151.139.45.80
829,Andie,Harmer,aharmern0@rakuten.co.jp,Female,237.73.146.34
830,Emlynn,Treker,etrekern1@sohu.com,Female,83.253.223.157
831,Britteny,Purselow,bpurselown2@addthis.com,Female,189.25.81.22
832,Kathy,Sharplin,ksharplinn3@admin.ch,Female,55.115.226.22
833,Missie,Lux,mluxn4@woothemes.com,Female,159.59.108.8
834,Hilary,Heeks,hheeksn5@independent.co.uk,Female,48.215.83.109
835,Dukie,Holsey,dholseyn6@vinaora.com,Male,127.64.236.53
836,Brook,Curbishley,bcurbishleyn7@theguardian.com,Female,13.66.14.232
837,Vevay,Vreede,vvreeden8@unblog.fr,Female,218.52.17.201
838,Barry,Donnachie,bdonnachien9@tiny.cc,Female,233.240.95.61
839,Marlee,Sarginson,msarginsonna@tamu.edu,Female,143.157.244.114
840,Brittan,Mazonowicz,bmazonowicznb@psu.edu,Female,109.244.193.181
841,Caron,Scholling,cschollingnc@craigslist.org,Female,67.136.213.75
842,Yehudi,Musico,ymusicond@surveymonkey.com,Male,9.156.37.115
843,Mason,Faustian,mfaustianne@sakura.ne.jp,Male,80.66.202.135
844,Cheryl,Coppins,ccoppinsnf@java.com,Female,95.159.48.237
845,Hyatt,Bittlestone,hbittlestoneng@myspace.com,Male,69.66.106.242
846,Kath,Shawyer,kshawyernh@hao123.com,Female,127.187.162.13
847,Derrick,Girard,dgirardni@g.co,Male,250.145.53.149
848,Troy,Borthram,tborthramnj@cbsnews.com,Male,195.49.54.221
849,Billye,De Witt,bdewittnk@1688.com,Female,196.15.235.110
850,Ida,Goodlett,igoodlettnl@xinhuanet.com,Female,13.178.82.215
851,Erv,Frentz,efrentznm@ft.com,Male,79.96.32.237
852,Bax,Kopfen,bkopfennn@paypal.com,Male,198.233.176.131
853,Ursulina,Nansom,unansomno@163.com,Female,200.36.126.149
854,Cordelia,Lochrie,clochrienp@tumblr.com,Female,23.78.154.169
855,Hervey,Brayley,hbrayleynq@google.com.hk,Male,96.244.121.142
856,Xerxes,Briers,xbriersnr@alexa.com,Male,52.204.164.114
857,Harvey,Hawkes,hhawkesns@infoseek.co.jp,Male,157.253.89.100
858,Darci,Strike,dstrikent@ehow.com,Female,130.21.168.154
859,Celestina,Pybworth,cpybworthnu@senate.gov,Female,234.115.204.59
860,Row,Shafier,rshafiernv@clickbank.net,Female,71.9.24.121
861,Marleen,Tailby,mtailbynw@washingtonpost.com,Female,19.77.93.18
862,Fiona,Gilmore,fgilmorenx@va.gov,Female,139.92.197.202
863,Ignatius,Ledrun,iledrunny@ezinearticles.com,Male,242.49.238.121
864,Keelby,Kittoe,kkittoenz@aboutads.info,Male,91.244.197.106
865,Binky,Matlock,bmatlocko0@chronoengine.com,Male,191.204.13.3
866,Sena,Bess,sbesso1@gizmodo.com,Female,215.190.32.217
867,Allix,De Carolis,adecaroliso2@cocolog-nifty.com,Female,213.50.129.96
868,Valida,Westwater,vwestwatero3@biglobe.ne.jp,Female,188.115.54.39
869,Jonell,Kleine,jkleineo4@adobe.com,Female,53.48.212.144
870,Rora,Joriot,rjorioto5@shareasale.com,Female,44.113.9.94
871,Doralin,Sayre,dsayreo6@photobucket.com,Female,131.235.82.41
872,Cassandra,Tarver,ctarvero7@nationalgeographic.com,Female,156.118.223.118
873,Deedee,Strafen,dstrafeno8@tiny.cc,Female,230.42.178.1
874,Karmen,Whitta,kwhittao9@google.com.au,Female,64.141.146.33
875,Catharine,Jereatt,cjereattoa@quantcast.com,Female,38.52.217.223
876,Thayne,Meeks,tmeeksob@unc.edu,Male,19.18.241.7
877,Linnea,Gobeau,lgobeauoc@theatlantic.com,Female,223.217.229.224
878,Ewart,Banghe,ebangheod@reference.com,Male,252.220.185.78
879,Ammamaria,Meigh,ameighoe@xrea.com,Female,253.207.233.218
880,Marsh,Eyeington,meyeingtonof@sciencedirect.com,Male,61.234.1.7
881,Corbet,Stickney,cstickneyog@homestead.com,Male,123.229.12.186
882,Alysa,Rainger,araingeroh@privacy.gov.au,Female,27.228.64.50
883,Kellina,Loud,kloudoi@cloudflare.com,Female,97.227.130.112
884,Chlo,Harlett,charlettoj@fda.gov,Female,145.178.174.104
885,Irena,Ardley,iardleyok@pcworld.com,Female,125.151.108.216
886,Claudianus,Worton,cwortonol@drupal.org,Male,46.111.37.100
887,Ulberto,Erbain,uerbainom@ft.com,Male,95.234.51.171
888,Scotti,Reveland,srevelandon@scientificamerican.com,Male,78.39.112.144
889,Darn,Sueter,dsueteroo@flavors.me,Male,154.55.162.74
890,Crosby,Belleny,cbellenyop@jugem.jp,Male,119.123.202.192
891,Balduin,Lucia,bluciaoq@nasa.gov,Male,77.66.55.94
892,Lynea,O'Flaverty,loflavertyor@123-reg.co.uk,Female,66.135.126.65
893,Nickolaus,Leger,nlegeros@jalbum.net,Male,186.71.122.136
894,Friedrick,Mitkov,fmitkovot@microsoft.com,Male,132.90.140.215
895,Chic,Joddens,cjoddensou@mediafire.com,Male,94.111.10.19
896,Isabel,Gritland,igritlandov@economist.com,Female,162.74.7.181
897,Mitchel,Rosenwald,mrosenwaldow@desdev.cn,Male,102.30.124.169
898,Ramsey,Delmonti,rdelmontiox@tuttocitta.it,Male,255.41.210.209
899,Carroll,Larmet,clarmetoy@digg.com,Male,9.32.220.128
900,Camellia,Concannon,cconcannonoz@baidu.com,Female,163.27.207.177
901,Krishna,Rosini,krosinip0@slideshare.net,Male,48.80.214.114
902,Glenn,Murrthum,gmurrthump1@yahoo.co.jp,Male,212.131.8.103
903,Dusty,Dillinger,ddillingerp2@reuters.com,Female,111.187.13.89
904,Averill,Sandeman,asandemanp3@cbsnews.com,Male,175.117.56.102
905,Melody,Blaxland,mblaxlandp4@cdc.gov,Female,152.5.10.43
906,Jae,Corneil,jcorneilp5@youku.com,Male,34.1.117.62
907,Riannon,Petherick,rpetherickp6@washington.edu,Female,130.176.41.140
908,Chelsy,Scholte,cscholtep7@ca.gov,Female,151.46.36.14
909,Barn,Nancarrow,bnancarrowp8@bandcamp.com,Male,24.235.248.5
910,Huey,Whiteland,hwhitelandp9@fastcompany.com,Male,202.172.36.197
911,Menard,Bowe,mbowepa@disqus.com,Male,54.167.0.170
912,Herschel,Baskerfield,hbaskerfieldpb@usatoday.com,Male,128.254.22.156
913,Lucinda,Menezes,lmenezespc@jalbum.net,Female,233.231.37.209
914,Moise,Francescoccio,mfrancescocciopd@sbwire.com,Male,189.193.99.247
915,Darrell,Worman,dwormanpe@archive.org,Male,192.51.234.5
916,Stanislaw,Reeks,sreekspf@github.com,Male,241.237.176.178
917,Ki,Tasseler,ktasselerpg@hud.gov,Female,112.0.23.155
918,Steffen,Rawlins,srawlinsph@ucla.edu,Male,30.18.181.235
919,Dasie,Wittrington,dwittringtonpi@chron.com,Female,0.92.231.102
920,Jen,Kinnerk,jkinnerkpj@ft.com,Female,164.214.98.7
921,Fidela,Penkman,fpenkmanpk@un.org,Female,77.237.89.54
922,Allyn,Verbrugge,averbruggepl@miibeian.gov.cn,Male,254.29.74.155
923,Janenna,Haacker,jhaackerpm@friendfeed.com,Female,50.138.254.90
924,Win,Gosford,wgosfordpn@baidu.com,Male,245.93.33.103
925,Lanae,Reen,lreenpo@state.tx.us,Female,11.106.76.54
926,Gerard,Ilchuk,gilchukpp@storify.com,Male,101.209.2.153
927,Min,Lewtey,mlewteypq@utexas.edu,Female,155.167.155.82
928,Elisabetta,Vooght,evooghtpr@blogger.com,Female,173.79.87.195
929,Yorker,Crockley,ycrockleyps@fc2.com,Male,209.233.237.168
930,Maris,Hanbury-Brown,mhanburybrownpt@diigo.com,Female,27.204.11.188
931,Butch,Cassely,bcasselypu@tumblr.com,Male,36.185.243.93
932,Carmelita,Seargeant,cseargeantpv@ucsd.edu,Female,120.132.93.150
933,Shantee,Hamber,shamberpw@senate.gov,Female,185.235.120.194
934,Andrej,Sarfatti,asarfattipx@mysql.com,Male,42.10.23.57
935,Zondra,Commin,zcomminpy@eepurl.com,Female,206.199.196.179
936,Magdalen,Olijve,molijvepz@nydailynews.com,Female,139.105.42.105
937,Park,Gladdifh,pgladdifhq0@ed.gov,Male,136.36.177.115
938,Laurent,Janout,ljanoutq1@theguardian.com,Male,227.122.21.19
939,Eilis,Michurin,emichurinq2@wisc.edu,Female,111.66.241.85
940,Shurwood,Ivashev,sivashevq3@independent.co.uk,Male,154.112.107.92
941,Adriane,McMurdo,amcmurdoq4@usgs.gov,Female,226.227.86.232
942,Ray,Umbert,rumbertq5@microsoft.com,Female,188.68.227.240
943,Yoshi,Caplan,ycaplanq6@phpbb.com,Female,42.138.14.151
944,Petunia,Hansley,phansleyq7@loc.gov,Female,99.59.206.55
945,Guthrie,Simunek,gsimunekq8@hexun.com,Male,91.172.186.131
946,Camilla,Rossborough,crossboroughq9@salon.com,Female,28.132.215.24
947,Vick,Rendell,vrendellqa@guardian.co.uk,Male,157.147.99.102
948,Ynes,Meeron,ymeeronqb@auda.org.au,Female,65.151.211.161
949,Royall,Yeude,ryeudeqc@cbslocal.com,Male,74.198.137.44
950,Tova,Schukert,tschukertqd@hatena.ne.jp,Female,239.255.14.221
951,Bernadine,Surpliss,bsurplissqe@lycos.com,Female,144.13.130.72
952,Grantley,Gipson,ggipsonqf@delicious.com,Male,90.126.73.182
953,Glendon,Rhys,grhysqg@blinklist.com,Male,157.21.32.132
954,Marlyn,Sunman,msunmanqh@symantec.com,Female,141.133.56.63
955,Janis,Olander,jolanderqi@comcast.net,Female,122.237.120.154
956,Marieann,Loblie,mloblieqj@gizmodo.com,Female,108.94.36.136
957,Tamera,Kidstoun,tkidstounqk@facebook.com,Female,56.117.251.55
958,Paloma,Ledrane,pledraneql@parallels.com,Female,247.156.104.246
959,Alisander,Ney,aneyqm@oracle.com,Male,15.115.162.204
960,Robers,Jowers,rjowersqn@networkadvertising.org,Male,89.151.189.36
961,Lynnett,Cumberland,lcumberlandqo@nifty.com,Female,138.164.245.73
962,Pascal,Pfeuffer,ppfeufferqp@blogtalkradio.com,Male,50.97.124.120
963,Garrek,Verlinde,gverlindeqq@ycombinator.com,Male,24.202.231.241
964,Almira,Cotterel,acotterelqr@ovh.net,Female,126.54.151.87
965,Urbanus,Mendez,umendezqs@senate.gov,Male,117.92.139.223
966,Felice,Hanby,fhanbyqt@amazon.com,Male,141.226.118.119
967,Lothaire,Hatherleigh,lhatherleighqu@arstechnica.com,Male,46.181.167.240
968,Ulrica,Harvatt,uharvattqv@netlog.com,Female,131.213.91.140
969,Naomi,Snazel,nsnazelqw@lycos.com,Female,204.220.242.75
970,Ira,Hanlin,ihanlinqx@umich.edu,Male,186.205.207.221
971,Verge,Badsworth,vbadsworthqy@hubpages.com,Male,102.160.215.27
972,Clarine,Toffanini,ctoffaniniqz@qq.com,Female,155.93.62.33
973,Judon,Willwood,jwillwoodr0@webs.com,Male,59.58.18.225
974,Annmaria,Graybeal,agraybealr1@yahoo.com,Female,243.131.148.230
975,Rayshell,Barnett,rbarnettr2@squarespace.com,Female,223.176.227.5
976,Kennedy,Barnes,kbarnesr3@bluehost.com,Male,76.47.175.48
977,Dunc,Dyers,ddyersr4@tinypic.com,Male,202.181.209.82
978,Clerissa,Eddicott,ceddicottr5@furl.net,Female,42.104.85.14
979,Ely,Meys,emeysr6@prnewswire.com,Male,210.52.136.252
980,Kathi,Balentyne,kbalentyner7@irs.gov,Female,169.125.245.224
981,Egan,Scarlon,escarlonr8@smh.com.au,Male,248.88.221.222
982,Myrtia,Duffy,mduffyr9@histats.com,Female,150.205.127.153
983,Lonna,Lewsy,llewsyra@ox.ac.uk,Female,180.176.237.4
984,Antonietta,Arington,aaringtonrb@pcworld.com,Female,249.52.28.37
985,Kamillah,Dahmel,kdahmelrc@arizona.edu,Female,185.66.26.89
986,Araldo,Rumsey,arumseyrd@woothemes.com,Male,232.95.137.187
987,Shep,Jerrom,sjerromre@businessweek.com,Male,193.151.34.123
988,Moina,Edkins,medkinsrf@chron.com,Female,197.173.40.239
989,Leyla,Rowth,lrowthrg@geocities.jp,Female,254.208.247.99
990,Kennith,Kedslie,kkedslierh@yellowpages.com,Male,227.77.239.236
991,Gladi,Devorill,gdevorillri@wikispaces.com,Female,198.22.162.213
992,Cosetta,Sousa,csousarj@baidu.com,Female,249.225.68.73
993,Bruce,Wheatman,bwheatmanrk@china.com.cn,Male,37.129.34.138
994,Scotty,Warlock,swarlockrl@goo.ne.jp,Male,63.216.16.6
995,Celestia,Ausher,causherrm@patch.com,Female,48.159.153.123
996,Manuel,Stallybrass,mstallybrassrn@reverbnation.com,Male,57.27.110.53
997,Davide,Harling,dharlingro@google.es,Male,72.220.122.234
998,Olimpia,Murdy,omurdyrp@ovh.net,Female,156.20.26.176
999,Loydie,Eggerton,leggertonrq@samsung.com,Male,241.205.46.99
1000,Hermann,Swanbourne,hswanbournerr@cloudflare.com,Male,65.22.13.239
